index,image_link,group_id,entity_name,entity_value
1,https://m.media-amazon.com/images/I/51k7GMS8dgL.jpg,630869,depth,21.0 centimetre
2,https://m.media-amazon.com/images/I/51YfTCUszCL.jpg,630869,depth,20.5 centimetre
3,https://m.media-amazon.com/images/I/51F7vcA4YNL.jpg,630869,depth,63.0 millimetre
4,https://m.media-amazon.com/images/I/61EsldyUWpL.jpg,630869,depth,5.0 centimetre
5,https://m.media-amazon.com/images/I/51GzV0nG31L.jpg,675317,depth,132.0 millimetre
6,https://m.media-amazon.com/images/I/51Nx8SJbQoL.jpg,641642,depth,12.0 millimetre
7,https://m.media-amazon.com/images/I/51lgIV0x66S.jpg,630869,depth,18.0 centimetre
8,https://m.media-amazon.com/images/I/51VljlfQ45L.jpg,396159,depth,35.0 centimetre
9,https://m.media-amazon.com/images/I/61ASyOTCPKL.jpg,630869,depth,20.0 centimetre
10,https://m.media-amazon.com/images/I/6164esKEJ8L.jpg,881883,depth,29.0 inch
11,https://m.media-amazon.com/images/I/614v56ADNXL.jpg,483370,depth,6.2 centimetre
12,https://m.media-amazon.com/images/I/61+0mg7Y-6L.jpg,730429,depth,23.8 centimetre
13,https://m.media-amazon.com/images/I/616yGsRWLUL.jpg,681445,depth,5.31 inch
14,https://m.media-amazon.com/images/I/611GVtaeEaL.jpg,630869,depth,19.5 centimetre
15,https://m.media-amazon.com/images/I/519QiLpg5dS.jpg,752266,depth,27.5 inch
16,https://m.media-amazon.com/images/I/610ql7XMMoL.jpg,675317,depth,9.0 centimetre
17,https://m.media-amazon.com/images/I/51TgYJT7x+L.jpg,140266,depth,40.0 millimetre
18,https://m.media-amazon.com/images/I/51KTgw9JwNL.jpg,107694,depth,96.0 centimetre
19,https://m.media-amazon.com/images/I/614oP+sQ0ZL.jpg,969033,depth,75.0 centimetre
20,https://m.media-amazon.com/images/I/51z2XMroEzL.jpg,881883,depth,180.0 centimetre
21,https://m.media-amazon.com/images/I/61FjzNtdTHL.jpg,752266,depth,48.0 centimetre
22,https://m.media-amazon.com/images/I/61FF+r9J2ZL.jpg,208023,depth,42.0 centimetre
23,https://m.media-amazon.com/images/I/514aPyGik+L.jpg,630869,depth,17.0 centimetre
24,https://m.media-amazon.com/images/I/51570Xw1yjL.jpg,675317,depth,54.0 millimetre
25,https://m.media-amazon.com/images/I/614ePaJOAxL.jpg,245959,depth,51.0 centimetre
26,https://m.media-amazon.com/images/I/61AVX7XZcGL.jpg,630869,depth,2.75 inch
27,https://m.media-amazon.com/images/I/61+6oGdr+EL.jpg,630869,depth,21.0 centimetre
28,https://m.media-amazon.com/images/I/31vPHCK64lL.jpg,752266,depth,90.0 centimetre
29,https://m.media-amazon.com/images/I/617C5TqTghL.jpg,630869,depth,200.0 millimetre
30,https://m.media-amazon.com/images/I/61AZ2E+yZjL.jpg,483370,depth,15.0 centimetre
31,https://m.media-amazon.com/images/I/51LU5y2YzsL.jpg,630869,depth,17.5 centimetre
32,https://m.media-amazon.com/images/I/51sVaUv9G0L.jpg,630869,depth,8.5 inch
33,https://m.media-amazon.com/images/I/51GtD+1dyvS.jpg,752266,depth,9.2 centimetre
34,https://m.media-amazon.com/images/I/612+J1eaDhL.jpg,483370,depth,15.0 centimetre
35,https://m.media-amazon.com/images/I/61CjbuDwrXL.jpg,847223,depth,5.5 centimetre
36,https://m.media-amazon.com/images/I/615L7K2ozTL.jpg,630869,depth,21.0 centimetre
37,https://m.media-amazon.com/images/I/615wNwXbN3L.jpg,396159,depth,140.0 centimetre
38,https://m.media-amazon.com/images/I/613a7Cn6e0L.jpg,881883,depth,57.4 inch
39,https://m.media-amazon.com/images/I/61BrCr00RbL.jpg,641642,depth,50.0 centimetre
40,https://m.media-amazon.com/images/I/6156ZPiZMYL.jpg,847223,depth,1.77 inch
41,https://m.media-amazon.com/images/I/616-Bp5N2sL.jpg,978900,depth,206.0 millimetre
42,https://m.media-amazon.com/images/I/61BVTRfq9mS.jpg,630869,depth,14.0 centimetre
43,https://m.media-amazon.com/images/I/51416kjTfQL.jpg,329793,depth,8.0 inch
44,https://m.media-amazon.com/images/I/51WVMsUEmtS.jpg,630869,depth,18.0 centimetre
45,https://m.media-amazon.com/images/I/51eMhn9AbUL.jpg,630869,depth,21.0 centimetre
46,https://m.media-amazon.com/images/I/6150HoPAtML.jpg,107694,depth,21.0 inch
47,https://m.media-amazon.com/images/I/51s2IXnjsmL.jpg,630869,depth,22.0 centimetre
48,https://m.media-amazon.com/images/I/6164jiLQmqL.jpg,675317,depth,5.9 inch
49,https://m.media-amazon.com/images/I/618hkkYhHQL.jpg,752266,depth,14.0 inch
50,https://m.media-amazon.com/images/I/51Ecjvzo-VL.jpg,916768,depth,16.5 centimetre
51,https://m.media-amazon.com/images/I/615fJTudQyL.jpg,208023,depth,48.0 centimetre
52,https://m.media-amazon.com/images/I/51QVxFZiPqL.jpg,630869,depth,2.5 inch
53,https://m.media-amazon.com/images/I/614wNvoFIEL.jpg,630869,depth,17.0 centimetre
54,https://m.media-amazon.com/images/I/616X31hL9wL.jpg,630869,depth,15.0 centimetre
55,https://m.media-amazon.com/images/I/51x4pn7PQ3S.jpg,630869,depth,16.0 centimetre
56,https://m.media-amazon.com/images/I/617bpTH87WL.jpg,221399,depth,270.0 centimetre
57,https://m.media-amazon.com/images/I/61ETCAqbhmL.jpg,630869,depth,22.0 centimetre
58,https://m.media-amazon.com/images/I/51MSVaX2D0L.jpg,675317,depth,40.0 millimetre
59,https://m.media-amazon.com/images/I/614sYu4CKGL.jpg,630869,depth,8.7 inch
60,https://m.media-amazon.com/images/I/61AKUjYy+HS.jpg,675317,depth,4.0 inch
61,https://m.media-amazon.com/images/I/51GYVKIWiqS.jpg,284992,depth,34.0 centimetre
62,https://m.media-amazon.com/images/I/51XAmK4MbPL.jpg,479564,depth,9.05 inch
63,https://m.media-amazon.com/images/I/51ZT5P-Ch8L.jpg,752266,depth,55.0 centimetre
64,https://m.media-amazon.com/images/I/610hdd1TmzL.jpg,156839,depth,57.0 centimetre
65,https://m.media-amazon.com/images/I/51+Ac4yvrFL.jpg,630869,depth,17.0 centimetre
66,https://m.media-amazon.com/images/I/61Adsln+8ML.jpg,483370,depth,20.0 inch
67,https://m.media-amazon.com/images/I/41SCeFQGLuL.jpg,991868,depth,450.0 millimetre
68,https://m.media-amazon.com/images/I/51rNDg9n4HL.jpg,396159,depth,80.0 centimetre
69,https://m.media-amazon.com/images/I/51qZz2ekmuL.jpg,630869,depth,6.5 centimetre
70,https://m.media-amazon.com/images/I/51tKo7fazKL.jpg,793731,depth,170.0 millimetre
71,https://m.media-amazon.com/images/I/61-+G4iPcPL.jpg,630869,depth,20.5 centimetre
72,https://m.media-amazon.com/images/I/519QU+wfeJL.jpg,630869,depth,20.0 centimetre
73,https://m.media-amazon.com/images/I/51gbz+eizvL.jpg,630869,depth,20.0 centimetre
74,https://m.media-amazon.com/images/I/612BzRnFhFL.jpg,630869,depth,50.0 millimetre
75,https://m.media-amazon.com/images/I/61CQE3EppfL.jpg,630869,depth,7.4 inch
76,https://m.media-amazon.com/images/I/611LPDqIMvL.jpg,752266,depth,470.0 millimetre
77,https://m.media-amazon.com/images/I/51mrsxTueSL.jpg,916768,depth,1.97 inch
78,https://m.media-amazon.com/images/I/618Mx54zw0L.jpg,569206,depth,13.4 inch
79,https://m.media-amazon.com/images/I/41FX-HHe-lL.jpg,675317,depth,210.0 millimetre
80,https://m.media-amazon.com/images/I/51wZG0O8OfL.jpg,276700,depth,305.0 millimetre
81,https://m.media-amazon.com/images/I/51CaljPF2US.jpg,752266,depth,28.0 centimetre
82,https://m.media-amazon.com/images/I/51f2bSMZDvL.jpg,483370,depth,15.0 centimetre
83,https://m.media-amazon.com/images/I/51fL+KdshcL.jpg,866516,depth,32.0 centimetre
84,https://m.media-amazon.com/images/I/51ZNY9+bXWL.jpg,881883,depth,180.0 centimetre
85,https://m.media-amazon.com/images/I/51XqBrwortL.jpg,630869,depth,54.0 millimetre
86,https://m.media-amazon.com/images/I/51jel7x7vQL.jpg,675317,depth,30.0 millimetre
87,https://m.media-amazon.com/images/I/51jcOpLS7kL.jpg,681445,depth,5.5 inch
88,https://m.media-amazon.com/images/I/61-0v20JTAL.jpg,630869,depth,13.0 centimetre
89,https://m.media-amazon.com/images/I/5135h7F8+bL.jpg,675317,depth,24.0 millimetre
90,https://m.media-amazon.com/images/I/615PvAYEyPL.jpg,751532,depth,84.8 inch
91,https://m.media-amazon.com/images/I/51JIXktZGWL.jpg,916768,depth,22.7 centimetre
92,https://m.media-amazon.com/images/I/51iFTYaFMuL.jpg,630869,depth,22.0 centimetre
93,https://m.media-amazon.com/images/I/61E5v-bocaL.jpg,752266,depth,50.0 centimetre
94,https://m.media-amazon.com/images/I/61G0UUAMdQL.jpg,245959,depth,39.0 centimetre
95,https://m.media-amazon.com/images/I/41FWyEB-yXS.jpg,978900,depth,12.0 centimetre
96,https://m.media-amazon.com/images/I/51s445nzbPL.jpg,483370,depth,13.0 centimetre
97,https://m.media-amazon.com/images/I/612bLYcfuTL.jpg,752266,depth,11.5 centimetre
98,https://m.media-amazon.com/images/I/619tElf7MVL.jpg,752266,depth,3.94 inch
99,https://m.media-amazon.com/images/I/617k73r6YZL.jpg,396159,depth,30.0 centimetre
100,https://m.media-amazon.com/images/I/61FeaIwziVL.jpg,752266,depth,2.0 metre
101,https://m.media-amazon.com/images/I/512Bph1OuuL.jpg,507467,height,46.5 millimetre
102,https://m.media-amazon.com/images/I/61+g4VX7wwL.jpg,237000,height,71.0 centimetre
103,https://m.media-amazon.com/images/I/515cEBwzfoL.jpg,245959,height,28.0 centimetre
104,https://m.media-amazon.com/images/I/51K5y5KflQL.jpg,752266,height,308.0 millimetre
105,https://m.media-amazon.com/images/I/51Mwa8yYOkL.jpg,648011,height,1.0 centimetre
106,https://m.media-amazon.com/images/I/61Drr5Mq3nL.jpg,603688,height,20.0 centimetre
107,https://m.media-amazon.com/images/I/519c3S677DL.jpg,916768,height,5.0 centimetre
108,https://m.media-amazon.com/images/I/61EfeeDuW2L.jpg,866516,height,1.18 inch
109,https://m.media-amazon.com/images/I/51vdB4AbijL.jpg,237000,height,53.0 centimetre
110,https://m.media-amazon.com/images/I/51L9WyyudUL.jpg,679049,height,2.7 metre
111,https://m.media-amazon.com/images/I/51ha83oAyyL.jpg,997176,height,6.5 inch
112,https://m.media-amazon.com/images/I/51Wvt8BFz7L.jpg,625310,height,5.7 centimetre
113,https://m.media-amazon.com/images/I/610OV-bwDxL.jpg,860821,height,150.0 millimetre
114,https://m.media-amazon.com/images/I/51nLJuNpbaL.jpg,120219,height,9.2 inch
115,https://m.media-amazon.com/images/I/619CywH4-NL.jpg,860821,height,34.5 inch
116,https://m.media-amazon.com/images/I/615FtGxHiJL.jpg,267182,height,26.5 centimetre
117,https://m.media-amazon.com/images/I/612BWt7VfgL.jpg,844474,height,45.0 centimetre
118,https://m.media-amazon.com/images/I/51yu88XYVfL.jpg,226504,height,55.0 centimetre
119,https://m.media-amazon.com/images/I/617LMib7apL.jpg,844474,height,43.0 centimetre
120,https://m.media-amazon.com/images/I/614ePaJOAxL.jpg,245959,height,33.0 centimetre
121,https://m.media-amazon.com/images/I/51q5cWLf9-L.jpg,362818,height,26.5 centimetre
122,https://m.media-amazon.com/images/I/51yWqeEiBVL.jpg,311997,height,140.0 centimetre
123,https://m.media-amazon.com/images/I/51mvKGmrzvL.jpg,145452,height,300.0 millimetre
124,https://m.media-amazon.com/images/I/617N1N9OTuL.jpg,681445,height,11.82 inch
125,https://m.media-amazon.com/images/I/61C4BopYrkL.jpg,416664,height,175.0 centimetre
126,https://m.media-amazon.com/images/I/61F-k8ncI8L.jpg,751532,height,17.7 inch
127,https://m.media-amazon.com/images/I/51YgqZA5OTS.jpg,120219,height,13.0 centimetre
128,https://m.media-amazon.com/images/I/612ihJPcgAL.jpg,550840,height,8.0 inch
129,https://m.media-amazon.com/images/I/615YPDUBeVL.jpg,589105,height,45.0 centimetre
130,https://m.media-amazon.com/images/I/614QRFDwr9L.jpg,442321,height,27.9 inch
131,https://m.media-amazon.com/images/I/5127SbMaNkL.jpg,810266,height,8.0 centimetre
132,https://m.media-amazon.com/images/I/51F2nyIvMjL.jpg,267182,height,85.0 centimetre
133,https://m.media-amazon.com/images/I/51RdadsIZXL.jpg,226504,height,5.1 inch
134,https://m.media-amazon.com/images/I/51U+wpRpR+L.jpg,483370,height,35.0 centimetre
135,https://m.media-amazon.com/images/I/51bgU919+qL.jpg,625310,height,8.0 centimetre
136,https://m.media-amazon.com/images/I/51aacnzp7ZL.jpg,483370,height,78.0 centimetre
137,https://m.media-amazon.com/images/I/61FpO4QRorL.jpg,462757,height,42.0 inch
138,https://m.media-amazon.com/images/I/519e4TQepbL.jpg,483370,height,15.0 centimetre
139,https://m.media-amazon.com/images/I/51Y5MXRKbtL.jpg,866516,height,3.8 inch
140,https://m.media-amazon.com/images/I/61CDPQyFQhS.jpg,844474,height,12.7 inch
141,https://m.media-amazon.com/images/I/51GtDRWGISL.jpg,220662,height,7.0 centimetre
142,https://m.media-amazon.com/images/I/61+iHDTqf7L.jpg,752266,height,27.5 centimetre
143,https://m.media-amazon.com/images/I/514EApcdGUL.jpg,483370,height,22.0 centimetre
144,https://m.media-amazon.com/images/I/51PdtAf8vgL.jpg,416664,height,166.5 centimetre
145,https://m.media-amazon.com/images/I/51mPU4KJVKL.jpg,145452,height,260.0 millimetre
146,https://m.media-amazon.com/images/I/61CNr12GEyL.jpg,529606,height,6.0 centimetre
147,https://m.media-amazon.com/images/I/51CwSP6nFSL.jpg,978900,height,11.0 centimetre
148,https://m.media-amazon.com/images/I/610GTfdbRUL.jpg,752266,height,285.0 millimetre
149,https://m.media-amazon.com/images/I/61DfgohbTeL.jpg,752266,height,60.0 centimetre
150,https://m.media-amazon.com/images/I/61++BPRRoKL.jpg,416664,height,35.0 centimetre
151,https://m.media-amazon.com/images/I/51Yk0+QRWTL.jpg,752266,height,12.7 centimetre
152,https://m.media-amazon.com/images/I/61Adsln+8ML.jpg,483370,height,9.84 inch
153,https://m.media-amazon.com/images/I/611GvGRVUXL.jpg,483370,height,9.8 inch
154,https://m.media-amazon.com/images/I/51CI75E+7QL.jpg,810266,height,112.0 millimetre
155,https://m.media-amazon.com/images/I/61BbWceLWSL.jpg,916768,height,15.0 centimetre
156,https://m.media-amazon.com/images/I/51acIVkQNwL.jpg,752266,height,1240.0 millimetre
157,https://m.media-amazon.com/images/I/61-9q51TU5L.jpg,998545,height,10.0 inch
158,https://m.media-amazon.com/images/I/61+JAzwXC6L.jpg,916768,height,7.3 inch
159,https://m.media-amazon.com/images/I/61ETMIERwCL.jpg,893692,height,13.0 inch
160,https://m.media-amazon.com/images/I/616-DnoQGxL.jpg,416664,height,1.0 metre
161,https://m.media-amazon.com/images/I/51jPdmfCTsL.jpg,149159,height,135.0 millimetre
162,https://m.media-amazon.com/images/I/619J18-4vIL.jpg,866516,height,8.5 inch
163,https://m.media-amazon.com/images/I/619JZpWW92L.jpg,180410,height,13.8 centimetre
164,https://m.media-amazon.com/images/I/617ceASZapL.jpg,916768,height,9.0 centimetre
165,https://m.media-amazon.com/images/I/618WusrKBCL.jpg,866516,height,52.0 centimetre
166,https://m.media-amazon.com/images/I/61003HGu-bS.jpg,347404,height,3.35 inch
167,https://m.media-amazon.com/images/I/61BZiciFS2L.jpg,648011,height,3.67 inch
168,https://m.media-amazon.com/images/I/515yEK+4-8L.jpg,658003,height,10.0 inch
169,https://m.media-amazon.com/images/I/618xDEXnWAL.jpg,866516,height,37.0 centimetre
170,https://m.media-amazon.com/images/I/51Hp3A4LVFL.jpg,681445,height,19.0 centimetre
171,https://m.media-amazon.com/images/I/612EdiInRGL.jpg,801829,height,48.0 centimetre
172,https://m.media-amazon.com/images/I/618hexM7FBL.jpg,844474,height,17.2 inch
173,https://m.media-amazon.com/images/I/613QTYuVwJL.jpg,752266,height,29.0 centimetre
174,https://m.media-amazon.com/images/I/51gH1GFOPLL.jpg,483370,height,9.7 centimetre
175,https://m.media-amazon.com/images/I/61+tx9EbAGL.jpg,801829,height,62.0 centimetre
176,https://m.media-amazon.com/images/I/516FI3eapZL.jpg,752266,height,15.5 centimetre
177,https://m.media-amazon.com/images/I/51Gv+ucNg6L.jpg,752266,height,11.0 centimetre
178,https://m.media-amazon.com/images/I/61CYEixnOzL.jpg,844474,height,42.0 centimetre
179,https://m.media-amazon.com/images/I/618uqrrVp0L.jpg,245959,height,31.0 centimetre
180,https://m.media-amazon.com/images/I/51aqh-nA1gL.jpg,752266,height,9.0 centimetre
181,https://m.media-amazon.com/images/I/51taDQ1bO0S.jpg,347404,height,16.0 centimetre
182,https://m.media-amazon.com/images/I/518aEHCKqxL.jpg,483370,height,24.0 centimetre
183,https://m.media-amazon.com/images/I/51s445nzbPL.jpg,483370,height,13.0 centimetre
184,https://m.media-amazon.com/images/I/51FG6KaNmNL.jpg,483370,height,20.0 centimetre
185,https://m.media-amazon.com/images/I/612bLYcfuTL.jpg,752266,height,7.0 centimetre
186,https://m.media-amazon.com/images/I/61EBnBBMoNL.jpg,478357,height,61.5 centimetre
187,https://m.media-amazon.com/images/I/5118pjUFLxL.jpg,823083,height,5.7 centimetre
188,https://m.media-amazon.com/images/I/614hlYpAsYL.jpg,916768,height,7.4 centimetre
189,https://m.media-amazon.com/images/I/519wdFCxEQL.jpg,507467,height,100.0 millimetre
190,https://m.media-amazon.com/images/I/51oA5fagKuS.jpg,752266,height,7.09 inch
191,https://m.media-amazon.com/images/I/615LSMEkPmL.jpg,483370,height,60.0 centimetre
192,https://m.media-amazon.com/images/I/61FeaIwziVL.jpg,752266,height,309.0 millimetre
193,https://m.media-amazon.com/images/I/51JkkQH4NGL.jpg,483370,height,28.0 centimetre
194,https://m.media-amazon.com/images/I/61B+x07kDtL.jpg,483370,height,10.0 inch
195,https://m.media-amazon.com/images/I/518mNyskufL.jpg,226504,height,650.0 millimetre
196,https://m.media-amazon.com/images/I/51Uu-U8QpAL.jpg,752266,height,24.0 centimetre
197,https://m.media-amazon.com/images/I/51R9HJ+LzaL.jpg,648011,height,137.0 millimetre
198,https://m.media-amazon.com/images/I/61ET-jXtLeL.jpg,433914,height,450.0 millimetre
199,https://m.media-amazon.com/images/I/61G4BCMP45L.jpg,752266,height,11.0 inch
200,https://m.media-amazon.com/images/I/613ZMrHfekL.jpg,648011,height,5.3 inch
201,https://m.media-amazon.com/images/I/71e6kJLE+LL.jpg,459516,item_volume,30.0 millilitre
202,https://m.media-amazon.com/images/I/71SuzaRS7gL.jpg,459516,item_volume,30.0 millilitre
203,https://m.media-amazon.com/images/I/71nsfFCXF0L.jpg,459516,item_volume,30.0 millilitre
204,https://m.media-amazon.com/images/I/71hgN7yu9OL.jpg,459516,item_volume,30.0 millilitre
205,https://m.media-amazon.com/images/I/61eOO5IW4NL.jpg,369753,item_volume,3.0 cubic foot
206,https://m.media-amazon.com/images/I/71PDbPb275L.jpg,459516,item_volume,500.0 millilitre
207,https://m.media-amazon.com/images/I/41Kn+YOyPjL.jpg,459516,item_volume,10.0 millilitre
208,https://m.media-amazon.com/images/I/51q9OE6hfgL.jpg,459516,item_volume,200.0 millilitre
209,https://m.media-amazon.com/images/I/61lE-I9cVuL.jpg,916768,item_volume,25.0 millilitre
210,https://m.media-amazon.com/images/I/71P0BToikAL.jpg,459516,item_volume,"[8.0, 12.0] fluid ounce"
211,https://m.media-amazon.com/images/I/71pKB7-3itL.jpg,459516,item_volume,16.0 fluid ounce
212,https://m.media-amazon.com/images/I/81cEIIPti-L.jpg,459516,item_volume,4.0 fluid ounce
213,https://m.media-amazon.com/images/I/71ciI6RbOqL.jpg,459516,item_volume,4.0 fluid ounce
214,https://m.media-amazon.com/images/I/816L-kPJGyL.jpg,459516,item_volume,4.0 fluid ounce
215,https://m.media-amazon.com/images/I/7185b+0uzML.jpg,459516,item_volume,0.7 millilitre
216,https://m.media-amazon.com/images/I/71In1fvGSwL.jpg,459516,item_volume,4.0 fluid ounce
217,https://m.media-amazon.com/images/I/81hbfdu3UaL.jpg,369753,item_volume,3.0 millilitre
218,https://m.media-amazon.com/images/I/81+ZDpWM6aL.jpg,281678,item_volume,1977.0 decilitre
219,https://m.media-amazon.com/images/I/91yjUjUz1PL.jpg,281678,item_volume,100.0 millilitre
220,https://m.media-amazon.com/images/I/61iyjkBOWwL.jpg,281678,item_volume,100.0 millilitre
221,https://m.media-amazon.com/images/I/81bWfMuySqL.jpg,281678,item_volume,100.0 millilitre
222,https://m.media-amazon.com/images/I/6186qz73QDL.jpg,369753,item_volume,2.55 cubic inch
223,https://m.media-amazon.com/images/I/81JoUrtkpmL.jpg,459516,item_volume,1.69 fluid ounce
224,https://m.media-amazon.com/images/I/81VXdzB0RVL.jpg,373285,item_volume,64.0 fluid ounce
225,https://m.media-amazon.com/images/I/819iiEopcWL.jpg,373285,item_volume,8.0 fluid ounce
226,https://m.media-amazon.com/images/I/81OYyqNGOmL.jpg,373285,item_volume,8.0 fluid ounce
227,https://m.media-amazon.com/images/I/811QUiTwekL.jpg,281678,item_volume,8.0 fluid ounce
228,https://m.media-amazon.com/images/I/51YdPlXffPL.jpg,459516,item_volume,2007.0 gallon
229,https://m.media-amazon.com/images/I/51eGoOSfx4L.jpg,459516,item_volume,2006.0 gallon
230,https://m.media-amazon.com/images/I/61Fxk72idwL.jpg,459516,item_volume,2007.0 gallon
231,https://m.media-amazon.com/images/I/41zNB8ZshmL.jpg,373285,item_volume,200.0 millilitre
232,https://m.media-amazon.com/images/I/61sYpkCc8gL.jpg,281678,item_volume,1.0 litre
233,https://m.media-amazon.com/images/I/71-q0hAgSSL.jpg,281678,item_volume,200.0 millilitre
234,https://m.media-amazon.com/images/I/91+No1yJ4tL.jpg,281678,item_volume,"[70.0, 100.0] millilitre"
235,https://m.media-amazon.com/images/I/71mCI1CckQL.jpg,459516,item_volume,699.0 litre
236,https://m.media-amazon.com/images/I/71mVVuk+3+L.jpg,557758,item_volume,100.0 millilitre
237,https://m.media-amazon.com/images/I/61OAxi2VMaL.jpg,459516,item_volume,30.0 millilitre
238,https://m.media-amazon.com/images/I/619+PT-LlsL.jpg,373285,item_volume,128.0 fluid ounce
239,https://m.media-amazon.com/images/I/717iuHuDG4L.jpg,373285,item_volume,128.0 fluid ounce
240,https://m.media-amazon.com/images/I/61pfSJr2FmL.jpg,459516,item_volume,10.0 millilitre
241,https://m.media-amazon.com/images/I/61kIRPnUnVL.jpg,459516,item_volume,10.0 millilitre
242,https://m.media-amazon.com/images/I/71MnmIz6W1L.jpg,459516,item_volume,10.0 millilitre
243,https://m.media-amazon.com/images/I/71AKNNbNDBL.jpg,459516,item_volume,10.0 millilitre
244,https://m.media-amazon.com/images/I/81KfxXADuIL.jpg,459516,item_volume,250.0 millilitre
245,https://m.media-amazon.com/images/I/71TzqIK-WgL.jpg,459516,item_volume,250.0 millilitre
246,https://m.media-amazon.com/images/I/81K-B8r5BsL.jpg,459516,item_volume,250.0 millilitre
247,https://m.media-amazon.com/images/I/7158PfqYzlL.jpg,459516,item_volume,250.0 millilitre
248,https://m.media-amazon.com/images/I/71BxBLZ06XL.jpg,459516,item_volume,250.0 millilitre
249,https://m.media-amazon.com/images/I/71GUWPpa+zL.jpg,459516,item_volume,250.0 millilitre
250,https://m.media-amazon.com/images/I/71GYnpwMuxL.jpg,459516,item_volume,250.0 millilitre
251,https://m.media-amazon.com/images/I/71+75wp1BQL.jpg,459516,item_volume,4.0 quart
252,https://m.media-amazon.com/images/I/81rV4magOQL.jpg,459516,item_volume,4.0 quart
253,https://m.media-amazon.com/images/I/81I7yPIQRXL.jpg,459516,item_volume,4.0 quart
254,https://m.media-amazon.com/images/I/31IzA4qnQML.jpg,281678,item_volume,100.0 millilitre
255,https://m.media-amazon.com/images/I/71rf8-Ri2QL.jpg,369753,item_volume,1.76 fluid ounce
256,https://m.media-amazon.com/images/I/814mTOj4yVL.jpg,369753,item_volume,1.76 fluid ounce
257,https://m.media-amazon.com/images/I/81urmTQqvjL.jpg,369753,item_volume,1.76 fluid ounce
258,https://m.media-amazon.com/images/I/81-L7gQc41L.jpg,369753,item_volume,50.0 fluid ounce
259,https://m.media-amazon.com/images/I/81mQoBEUa+L.jpg,369753,item_volume,1.76 fluid ounce
260,https://m.media-amazon.com/images/I/51lU0fJtiQL.jpg,369753,item_volume,1.69 fluid ounce
261,https://m.media-amazon.com/images/I/81TDU8LEXZL.jpg,369753,item_volume,1.69 fluid ounce
262,https://m.media-amazon.com/images/I/71pSWm0KUjL.jpg,369753,item_volume,1.69 fluid ounce
263,https://m.media-amazon.com/images/I/71pElEeQIXL.jpg,369753,item_volume,1.69 fluid ounce
264,https://m.media-amazon.com/images/I/91MhqMKy6fL.jpg,557758,item_volume,8.0 fluid ounce
265,https://m.media-amazon.com/images/I/81QaHqJlk4L.jpg,557758,item_volume,100.0 litre
266,https://m.media-amazon.com/images/I/71mTAlTYPkL.jpg,557758,item_volume,1913.0 decilitre
267,https://m.media-amazon.com/images/I/71b587Q02qL.jpg,557758,item_volume,100.0 millilitre
268,https://m.media-amazon.com/images/I/81UUjhSL3hL.jpg,459516,item_volume,29.0 litre
269,https://m.media-amazon.com/images/I/51+LEueO6CL.jpg,373285,item_volume,32.0 fluid ounce
270,https://m.media-amazon.com/images/I/51RC2aljehL.jpg,459516,item_volume,200.0 millilitre
271,https://m.media-amazon.com/images/I/61mUjf8sIOL.jpg,459516,item_volume,200.0 millilitre
272,https://m.media-amazon.com/images/I/61mXWwwuPDL.jpg,459516,item_volume,200.0 millilitre
273,https://m.media-amazon.com/images/I/81l4+2gUN2L.jpg,281678,item_volume,8.0 fluid ounce
274,https://m.media-amazon.com/images/I/81EYKmYozFL.jpg,281678,item_volume,8.0 fluid ounce
275,https://m.media-amazon.com/images/I/81yD42C2EYL.jpg,459516,item_volume,25.0 litre
276,https://m.media-amazon.com/images/I/61GNvP62caL.jpg,373285,item_volume,0.4 litre
277,https://m.media-amazon.com/images/I/71lMmBP8kUL.jpg,459516,item_volume,100.0 millilitre
278,https://m.media-amazon.com/images/I/81bncStX8VL.jpg,281678,item_volume,16.0 fluid ounce
279,https://m.media-amazon.com/images/I/81E0ee1+vYL.jpg,281678,item_volume,16.0 fluid ounce
280,https://m.media-amazon.com/images/I/71p4Wrw9aHL.jpg,281678,item_volume,16.0 fluid ounce
281,https://m.media-amazon.com/images/I/71BgmMGgg5L.jpg,281678,item_volume,16.0 fluid ounce
282,https://m.media-amazon.com/images/I/61CaXvWQZeL.jpg,557758,item_volume,2.0 litre
283,https://m.media-amazon.com/images/I/71LM6gA-dsL.jpg,916768,item_volume,250.0 millilitre
284,https://m.media-amazon.com/images/I/71pUtf3rnXL.jpg,459516,item_volume,"[8.0, 12.0] fluid ounce"
285,https://m.media-amazon.com/images/I/711ec6tuvzL.jpg,459516,item_volume,100.0 millilitre
286,https://m.media-amazon.com/images/I/71I3totusDL.jpg,254449,item_volume,500.0 millilitre
287,https://m.media-amazon.com/images/I/411Zo6F-xgL.jpg,557758,item_volume,200.0 millilitre
288,https://m.media-amazon.com/images/I/81wXsEADcWL.jpg,369753,item_volume,100.0 millilitre
289,https://m.media-amazon.com/images/I/61YeXRu2n9L.jpg,369753,item_volume,100.0 millilitre
290,https://m.media-amazon.com/images/I/81tYOaDS9YL.jpg,281678,item_volume,50.0 millilitre
291,https://m.media-amazon.com/images/I/519yF2ZXqYL.jpg,120569,item_volume,30.0 millilitre
292,https://m.media-amazon.com/images/I/71IF9r2K7FL.jpg,369753,item_volume,630.0 fluid ounce
293,https://m.media-amazon.com/images/I/61-1w6a3VIL.jpg,225091,item_volume,0.051 fluid ounce
294,https://m.media-amazon.com/images/I/71Ckim00Y0L.jpg,254449,item_volume,200.0 millilitre
295,https://m.media-amazon.com/images/I/51LNDLJQ7nL.jpg,916768,item_volume,1.0 ounce
296,https://m.media-amazon.com/images/I/71WsT7ZTcoL.jpg,369753,item_volume,50.0 millilitre
297,https://m.media-amazon.com/images/I/7146pzdSl-L.jpg,369753,item_volume,50.0 millilitre
298,https://m.media-amazon.com/images/I/71l3XKJTfTL.jpg,369753,item_volume,50.0 millilitre
299,https://m.media-amazon.com/images/I/71vu4ao7W8L.jpg,369753,item_volume,50.0 millilitre
300,https://m.media-amazon.com/images/I/71yEFSK7idL.jpg,369753,item_volume,50.0 millilitre
301,https://m.media-amazon.com/images/I/61AniafoUNL.jpg,369753,item_volume,50.0 millilitre
302,https://m.media-amazon.com/images/I/612mrlqiI4L.jpg,459516,item_weight,0.709 gram
303,https://m.media-amazon.com/images/I/617Tl40LOXL.jpg,731432,item_weight,1400 milligram
304,https://m.media-amazon.com/images/I/61QsBSE7jgL.jpg,731432,item_weight,1400 milligram
305,https://m.media-amazon.com/images/I/81xsq6vf2qL.jpg,731432,item_weight,1400 milligram
306,https://m.media-amazon.com/images/I/71DiLRHeZdL.jpg,731432,item_weight,1400 milligram
307,https://m.media-amazon.com/images/I/91Cma3RzseL.jpg,731432,item_weight,1400 milligram
308,https://m.media-amazon.com/images/I/71jBLhmTNlL.jpg,731432,item_weight,1400 milligram
309,https://m.media-amazon.com/images/I/81N73b5khVL.jpg,149159,item_weight,30.0 kilogram
310,https://m.media-amazon.com/images/I/61oMj2iXOuL.jpg,308856,item_weight,10 kilogram to 15 kilogram
311,https://m.media-amazon.com/images/I/91LPf6OjV9L.jpg,281678,item_weight,3.53 ounce
312,https://m.media-amazon.com/images/I/81fOxWWWKYL.jpg,281678,item_weight,3.53 ounce
313,https://m.media-amazon.com/images/I/81dzao1Ob4L.jpg,281678,item_weight,53 ounce
314,https://m.media-amazon.com/images/I/91-iahVGEDL.jpg,281678,item_weight,100 gram
315,https://m.media-amazon.com/images/I/81S2+GnYpTL.jpg,731432,item_weight,200 gram
316,https://m.media-amazon.com/images/I/81e2YtCOKvL.jpg,731432,item_weight,1 kilogram
317,https://m.media-amazon.com/images/I/81RNsNEM1EL.jpg,731432,item_weight,200 gram
318,https://m.media-amazon.com/images/I/91prZeizZnL.jpg,731432,item_weight,200 gram
319,https://m.media-amazon.com/images/I/31EvJszFVfL.jpg,731432,item_weight,200 gram
320,https://m.media-amazon.com/images/I/61sQ+qAKr4L.jpg,299791,item_weight,2.7 gram
321,https://m.media-amazon.com/images/I/81x77l2T5NL.jpg,884560,item_weight,112 gram
322,https://m.media-amazon.com/images/I/71nywfWZUwL.jpg,179080,item_weight,4.1 kilogram
323,https://m.media-amazon.com/images/I/51WsuKKAVrL.jpg,866516,item_weight,158.0 gram
324,https://m.media-amazon.com/images/I/61XGDKap+JL.jpg,866516,item_weight,158.0 gram
325,https://m.media-amazon.com/images/I/715vVcWJxGL.jpg,459516,item_weight,5000 milligram
326,https://m.media-amazon.com/images/I/613v+2W4UwL.jpg,524635,item_weight,18.55 gram
327,https://m.media-amazon.com/images/I/71+fn9TWQmL.jpg,524635,item_weight,18.55 gram
328,https://m.media-amazon.com/images/I/71aKgRRQ2wL.jpg,524635,item_weight,18.55 gram
329,https://m.media-amazon.com/images/I/71rKXZJrh4L.jpg,524635,item_weight,18.55 gram
330,https://m.media-amazon.com/images/I/71D824lbRvL.jpg,524635,item_weight,18.55 gram
331,https://m.media-amazon.com/images/I/71004c9tzfL.jpg,730429,item_weight,50.0 gram
332,https://m.media-amazon.com/images/I/51bQPPtMqYL.jpg,881883,item_weight,26.0 gram
333,https://m.media-amazon.com/images/I/71IUuTJ8QwL.jpg,601746,item_weight,330.0 pound
334,https://m.media-amazon.com/images/I/915JHkwtcrL.jpg,487566,item_weight,31.0 ounce
335,https://m.media-amazon.com/images/I/71cjrYndwIL.jpg,794161,item_weight,0.35 ounce
336,https://m.media-amazon.com/images/I/81hnk2WXO3L.jpg,639090,item_weight,35.0 gram
337,https://m.media-amazon.com/images/I/41wvffSxB4L.jpg,299791,item_weight,15.5 gram
338,https://m.media-amazon.com/images/I/91cErO-KbLL.jpg,237000,item_weight,200.0 gram
339,https://m.media-amazon.com/images/I/61WFh8RCQYL.jpg,844474,item_weight,0.8 kilogram
340,https://m.media-amazon.com/images/I/711SATIDrmL.jpg,709627,item_weight,169.0 gram
341,https://m.media-amazon.com/images/I/61x6RSjwQIL.jpg,299791,item_weight,10.0 gram
342,https://m.media-amazon.com/images/I/613BeFNwHcL.jpg,523149,item_weight,7.0 gram
343,https://m.media-amazon.com/images/I/61hWZdkq6WL.jpg,630390,item_weight,750.0 gram
344,https://m.media-amazon.com/images/I/71E7CU55dcL.jpg,810266,item_weight,160.0 gram
345,https://m.media-amazon.com/images/I/61c+hSNnnZL.jpg,748919,item_weight,270.0 gram
346,https://m.media-amazon.com/images/I/915w0BdW-gL.jpg,993359,item_weight,500 gram
347,https://m.media-amazon.com/images/I/61sx0ezNNLL.jpg,731432,item_weight,1 kilogram
348,https://m.media-amazon.com/images/I/71ldprwbKrL.jpg,731432,item_weight,10 kilogram
349,https://m.media-amazon.com/images/I/71E9iF-bmKL.jpg,731432,item_weight,1 kilogram
350,https://m.media-amazon.com/images/I/71sWRp1SNwL.jpg,731432,item_weight,2.2 pound
351,https://m.media-amazon.com/images/I/61SmT8pkLtL.jpg,529606,item_weight,2 ounce
352,https://m.media-amazon.com/images/I/71ZtDgGX+iL.jpg,299791,item_weight,8.1 gram
353,https://m.media-amazon.com/images/I/413FQB0ZMLL.jpg,308856,item_weight,2 kilogram
354,https://m.media-amazon.com/images/I/41EjbFu-+yL.jpg,308856,item_weight,10 kilogram
355,https://m.media-amazon.com/images/I/71dWDwMhWmS.jpg,681445,item_weight,500.0 kilogram
356,https://m.media-amazon.com/images/I/61d6Kj80QSL.jpg,365637,item_weight,200.0 gram
357,https://m.media-amazon.com/images/I/71bvOuz9w1L.jpg,365637,item_weight,200.0 gram
358,https://m.media-amazon.com/images/I/71l0M0tMGjL.jpg,365637,item_weight,200.0 gram
359,https://m.media-amazon.com/images/I/71Lpqdrpi4L.jpg,365637,item_weight,200.0 gram
360,https://m.media-amazon.com/images/I/71jLIbCcwOL.jpg,365637,item_weight,100.0 gram
361,https://m.media-amazon.com/images/I/718EdwGgyVL.jpg,365637,item_weight,200.0 gram
362,https://m.media-amazon.com/images/I/713twQgCHSL.jpg,487566,item_weight,5.0 kilogram
363,https://m.media-amazon.com/images/I/61I0O1qJbhS.jpg,767202,item_weight,60.0 pound
364,https://m.media-amazon.com/images/I/716AQpAJjZL.jpg,731432,item_weight,227 gram
365,https://m.media-amazon.com/images/I/71FVeRd2jqL.jpg,709627,item_weight,100 gram
366,https://m.media-amazon.com/images/I/81njuNSPdjL.jpg,639090,item_weight,190.0 gram
367,https://m.media-amazon.com/images/I/51xfRlxWIXL.jpg,639090,item_weight,100.0 gram
368,https://m.media-amazon.com/images/I/71duwM3SjpL.jpg,459516,item_weight,600 milligram
369,https://m.media-amazon.com/images/I/612xIhPMHqL.jpg,630869,item_weight,3.2 gram
370,https://m.media-amazon.com/images/I/51b9JEHOriL.jpg,630869,item_weight,6.5 gram
371,https://m.media-amazon.com/images/I/81lgxfKqUUL.jpg,881883,item_weight,160.0 gram
372,https://m.media-amazon.com/images/I/814sAvV89SL.jpg,558374,item_weight,42.0 gram
373,https://m.media-amazon.com/images/I/61cMeogK8gL.jpg,601746,item_weight,26.0 gram
374,https://m.media-amazon.com/images/I/71WLYfmMqQL.jpg,254449,item_weight,50.0 milligram
375,https://m.media-amazon.com/images/I/61Dq3LRei9L.jpg,523149,item_weight,10.0 kilogram
376,https://m.media-amazon.com/images/I/61kyBEJYDeL.jpg,459516,item_weight,500 milligram
377,https://m.media-amazon.com/images/I/71uQmsTESvL.jpg,459516,item_weight,500 milligram
378,https://m.media-amazon.com/images/I/71jG8BOi4WL.jpg,241608,item_weight,16.0 gram
379,https://m.media-amazon.com/images/I/61390hosjFL.jpg,308856,item_weight,8 kilogram
380,https://m.media-amazon.com/images/I/71YiRw3e1lL.jpg,630869,item_weight,3.0 pound
381,https://m.media-amazon.com/images/I/719poaEkdEL.jpg,459516,item_weight,750.0 milligram
382,https://m.media-amazon.com/images/I/41njJJg-ANL.jpg,308671,item_weight,8.0 gram
383,https://m.media-amazon.com/images/I/71qEriwsbIL.jpg,299791,item_weight,23.0 gram
384,https://m.media-amazon.com/images/I/514M5CrBK4L.jpg,630869,item_weight,9.8 gram
385,https://m.media-amazon.com/images/I/61qOr-yqaVL.jpg,442321,item_weight,198.0 pound
386,https://m.media-amazon.com/images/I/61xxqfM2EwL.jpg,991868,item_weight,9.0 kilogram
387,https://m.media-amazon.com/images/I/81yG9eUKvxL.jpg,208023,item_weight,2.5 kilogram
388,https://m.media-amazon.com/images/I/61FMOl299lL.jpg,593600,item_weight,50.0 gram
389,https://m.media-amazon.com/images/I/51T1Kh7WWGL.jpg,299791,item_weight,4.1 gram
390,https://m.media-amazon.com/images/I/71G8XyPqcIL.jpg,630869,item_weight,9.2 gram
391,https://m.media-amazon.com/images/I/61Hhju+qn9L.jpg,308856,item_weight,600.0 gram
392,https://m.media-amazon.com/images/I/51Alw-4+zJL.jpg,308856,item_weight,20.0 kilogram
393,https://m.media-amazon.com/images/I/81l6zfwKG7L.jpg,731432,item_weight,13.0 gram
394,https://m.media-amazon.com/images/I/71eATPu53YL.jpg,731432,item_weight,13.0 gram
395,https://m.media-amazon.com/images/I/81R8CrWXthL.jpg,731432,item_weight,1000.0 milligram
396,https://m.media-amazon.com/images/I/71qiWPgPcUS.jpg,908443,item_weight,264.0 gram
397,https://m.media-amazon.com/images/I/81nyHjPXg-L.jpg,308856,item_weight,34 kilogram
398,https://m.media-amazon.com/images/I/71EREAIkJZS.jpg,299791,item_weight,72.57 gram
399,https://m.media-amazon.com/images/I/61bpzE0p4yL.jpg,459516,item_weight,100 gram
400,https://m.media-amazon.com/images/I/71yqAwAikaL.jpg,731432,item_weight,180 gram
401,https://m.media-amazon.com/images/I/61431aMH6cL.jpg,731432,item_weight,180 gram
402,https://m.media-amazon.com/images/I/71lxjbXw9bL.jpg,731432,item_weight,180 gram
403,https://m.media-amazon.com/images/I/7104ARm7I-L.jpg,801829,maximum_weight_recommendation,440.0 pound
404,https://m.media-amazon.com/images/I/61L4wjI4YEL.jpg,120219,maximum_weight_recommendation,6.0 ton
405,https://m.media-amazon.com/images/I/71ubk42imPL.jpg,969033,maximum_weight_recommendation,15 pound
406,https://m.media-amazon.com/images/I/7127o10t9tL.jpg,801829,maximum_weight_recommendation,250 pound
407,https://m.media-amazon.com/images/I/71hQMF-ovpL.jpg,204245,maximum_weight_recommendation,25 kilogram
408,https://m.media-amazon.com/images/I/818hmVQLFPL.jpg,120219,maximum_weight_recommendation,180.0 milligram
409,https://m.media-amazon.com/images/I/714uk8k9G-L.jpg,801829,maximum_weight_recommendation,20 kilogram
410,https://m.media-amazon.com/images/I/612Pfj34ezL.jpg,751532,maximum_weight_recommendation,100 kilogram
411,https://m.media-amazon.com/images/I/719eCXnYG8L.jpg,204245,maximum_weight_recommendation,240 kilogram
412,https://m.media-amazon.com/images/I/71VtVp8FCxL.jpg,801829,maximum_weight_recommendation,270 pound
413,https://m.media-amazon.com/images/I/4106TRNhGwL.jpg,488883,maximum_weight_recommendation,285 pound
414,https://m.media-amazon.com/images/I/61bh39XwruL.jpg,120219,maximum_weight_recommendation,65.0 ton
415,https://m.media-amazon.com/images/I/61jL314WH-L.jpg,933453,maximum_weight_recommendation,25 kilogram
416,https://m.media-amazon.com/images/I/61tbe7Mv9gL.jpg,933453,maximum_weight_recommendation,10 kilogram to 25 kilogram
417,https://m.media-amazon.com/images/I/61ZCwCtSyYL.jpg,969033,maximum_weight_recommendation,10 kilogram
418,https://m.media-amazon.com/images/I/716Grew8-dL.jpg,120219,maximum_weight_recommendation,60.0 pound
419,https://m.media-amazon.com/images/I/71o3cW3xP1L.jpg,204245,maximum_weight_recommendation,110 pound
420,https://m.media-amazon.com/images/I/71SF8GiKoWL.jpg,801829,maximum_weight_recommendation,100 kilogram
421,https://m.media-amazon.com/images/I/71ppBZY0zEL.jpg,801829,maximum_weight_recommendation,2.2 kilogram
422,https://m.media-amazon.com/images/I/81yHvneIdQL.jpg,120219,maximum_weight_recommendation,3.0 ounce
423,https://m.media-amazon.com/images/I/814tTe50zIL.jpg,751532,maximum_weight_recommendation,860 pound
424,https://m.media-amazon.com/images/I/41hERh6+QSL.jpg,918474,maximum_weight_recommendation,100 kilogram
425,https://m.media-amazon.com/images/I/71p9NT6S+oL.jpg,918474,maximum_weight_recommendation,100 kilogram
426,https://m.media-amazon.com/images/I/71C1RWK1rjL.jpg,120219,maximum_weight_recommendation,47.0 gram
427,https://m.media-amazon.com/images/I/81hBY4J5F3L.jpg,446789,maximum_weight_recommendation,300 kilogram
428,https://m.media-amazon.com/images/I/61bfNk2pvbL.jpg,120219,maximum_weight_recommendation,3.0 ton
429,https://m.media-amazon.com/images/I/61vmYDOez4L.jpg,120219,maximum_weight_recommendation,0.15 kilogram
430,https://m.media-amazon.com/images/I/81ifC+wDasL.jpg,933453,maximum_weight_recommendation,9 kilogram to 18 kilogram
431,https://m.media-amazon.com/images/I/71QS1q8LeOL.jpg,150913,maximum_weight_recommendation,50 kilogram
432,https://m.media-amazon.com/images/I/81EjieCoRQL.jpg,969033,maximum_weight_recommendation,2 kilogram
433,https://m.media-amazon.com/images/I/81+Y9iExgnL.jpg,918474,maximum_weight_recommendation,400 pound
434,https://m.media-amazon.com/images/I/61pBhQiHhyL.jpg,969033,maximum_weight_recommendation,150 pound
435,https://m.media-amazon.com/images/I/61oc9DBBrKL.jpg,156839,maximum_weight_recommendation,60 kilogram
436,https://m.media-amazon.com/images/I/715NEyBLKUL.jpg,156839,maximum_weight_recommendation,30 kilogram
437,https://m.media-amazon.com/images/I/71nRp1HayAL.jpg,120219,maximum_weight_recommendation,7.0 kilogram
438,https://m.media-amazon.com/images/I/71gvWCSRWxL.jpg,221399,maximum_weight_recommendation,600 pound
439,https://m.media-amazon.com/images/I/81p1waR0IkL.jpg,221399,maximum_weight_recommendation,600 pound
440,https://m.media-amazon.com/images/I/61abRXOW+FS.jpg,801829,maximum_weight_recommendation,130 kilogram
441,https://m.media-amazon.com/images/I/71j3rBPck-L.jpg,120219,maximum_weight_recommendation,20.0 ounce
442,https://m.media-amazon.com/images/I/61+fCedEefL.jpg,120219,maximum_weight_recommendation,7.0 ton
443,https://m.media-amazon.com/images/I/71fjsji87wL.jpg,969033,maximum_weight_recommendation,60 pound
444,https://m.media-amazon.com/images/I/71Zqu9hPSfL.jpg,120219,maximum_weight_recommendation,2.0 gram
445,https://m.media-amazon.com/images/I/71mSwkMuB3L.jpg,801829,maximum_weight_recommendation,135 kilogram
446,https://m.media-amazon.com/images/I/61sve5sPg8L.jpg,801829,maximum_weight_recommendation,298 pound
447,https://m.media-amazon.com/images/I/619Gugue9oS.jpg,120219,maximum_weight_recommendation,26.0 ton
448,https://m.media-amazon.com/images/I/61yL6Soti5L.jpg,969033,maximum_weight_recommendation,45 kilogram
449,https://m.media-amazon.com/images/I/61RskHhF+tL.jpg,204245,maximum_weight_recommendation,150 kilogram
450,https://m.media-amazon.com/images/I/71EHcFDPAvL.jpg,156839,maximum_weight_recommendation,15 kilogram
451,https://m.media-amazon.com/images/I/71-R3GQDmFL.jpg,801829,maximum_weight_recommendation,330 pound
452,https://m.media-amazon.com/images/I/71eLz0beioL.jpg,446789,maximum_weight_recommendation,300 kilogram
453,https://m.media-amazon.com/images/I/71nBqc06+RL.jpg,488883,maximum_weight_recommendation,350 pound
454,https://m.media-amazon.com/images/I/61rN2FsbrgL.jpg,801829,maximum_weight_recommendation,120 kilogram
455,https://m.media-amazon.com/images/I/61O2eMiggoL.jpg,969033,maximum_weight_recommendation,10 pound
456,https://m.media-amazon.com/images/I/51Oq68aVEOL.jpg,801829,maximum_weight_recommendation,300 kilogram
457,https://m.media-amazon.com/images/I/81sXlYgHfcL.jpg,969033,maximum_weight_recommendation,15.0 pound
458,https://m.media-amazon.com/images/I/81MfKw4NreL.jpg,751532,maximum_weight_recommendation,150 kilogram
459,https://m.media-amazon.com/images/I/41yLwLQ8yaL.jpg,446789,maximum_weight_recommendation,254 kilogram
460,https://m.media-amazon.com/images/I/71u6mrYWFTL.jpg,969033,maximum_weight_recommendation,70 kilogram
461,https://m.media-amazon.com/images/I/617j3WcL35L.jpg,204245,maximum_weight_recommendation,120 kilogram
462,https://m.media-amazon.com/images/I/71xqY2kRvjL.jpg,120219,maximum_weight_recommendation,400.0 gram
463,https://m.media-amazon.com/images/I/71MFehsj-nL.jpg,801829,maximum_weight_recommendation,800 pound
464,https://m.media-amazon.com/images/I/71WX5-l87nS.jpg,918474,maximum_weight_recommendation,120 kilogram
465,https://m.media-amazon.com/images/I/71hPR5T5htL.jpg,446789,maximum_weight_recommendation,183 pound
466,https://m.media-amazon.com/images/I/71gdwPiW4+L.jpg,120219,maximum_weight_recommendation,1009.0 gram
467,https://m.media-amazon.com/images/I/71B2C8bqKIL.jpg,156839,maximum_weight_recommendation,44 pound
468,https://m.media-amazon.com/images/I/61-mow6lBbL.jpg,801829,maximum_weight_recommendation,1250 kilogram
469,https://m.media-amazon.com/images/I/71hK47mi9ML.jpg,801829,maximum_weight_recommendation,160.0 kilogram
470,https://m.media-amazon.com/images/I/81LXbyuP+dL.jpg,204245,maximum_weight_recommendation,80 kilogram
471,https://m.media-amazon.com/images/I/71vyrvYPNAL.jpg,120219,maximum_weight_recommendation,40.0 pound
472,https://m.media-amazon.com/images/I/A1FDSIL9ChL.jpg,120219,maximum_weight_recommendation,5.0 kilogram
473,https://m.media-amazon.com/images/I/61zeCqP6i5L.jpg,171418,maximum_weight_recommendation,10 kilogram
474,https://m.media-amazon.com/images/I/61R0O4jKCdL.jpg,120219,maximum_weight_recommendation,4.0 ton
475,https://m.media-amazon.com/images/I/71vKx5hvEHS.jpg,221399,maximum_weight_recommendation,200 kilogram
476,https://m.media-amazon.com/images/I/81DYSOL5BrL.jpg,221399,maximum_weight_recommendation,500 kilogram
477,https://m.media-amazon.com/images/I/71UyLAS7vWL.jpg,969033,maximum_weight_recommendation,30 kilogram
478,https://m.media-amazon.com/images/I/61EpuJHS6qL.jpg,488883,maximum_weight_recommendation,300 kilogram
479,https://m.media-amazon.com/images/I/41HkIc1b-pL.jpg,801829,maximum_weight_recommendation,8.53 pound
480,https://m.media-amazon.com/images/I/61NjF2D9iWL.jpg,969033,maximum_weight_recommendation,50 kilogram
481,https://m.media-amazon.com/images/I/81a7K9Z4Q8L.jpg,969033,maximum_weight_recommendation,22 kilogram
482,https://m.media-amazon.com/images/I/81NW+Q8gjiL.jpg,969033,maximum_weight_recommendation,22 kilogram
483,https://m.media-amazon.com/images/I/61kUyi-O7KS.jpg,178958,maximum_weight_recommendation,10 pound
484,https://m.media-amazon.com/images/I/71IrNWEtLVL.jpg,120219,maximum_weight_recommendation,30.0 pound
485,https://m.media-amazon.com/images/I/813gQdsOn3L.jpg,918474,maximum_weight_recommendation,50 kilogram
486,https://m.media-amazon.com/images/I/71SpIH8JqxL.jpg,801829,maximum_weight_recommendation,350 pound
487,https://m.media-amazon.com/images/I/61opmw27trS.jpg,611510,maximum_weight_recommendation,100 kilogram
488,https://m.media-amazon.com/images/I/61kx6oNAXZL.jpg,120219,maximum_weight_recommendation,8888888888.0 ton
489,https://m.media-amazon.com/images/I/71fScHtHRZL.jpg,120219,maximum_weight_recommendation,13.5 gram
490,https://m.media-amazon.com/images/I/81o9oWpWPcL.jpg,801829,maximum_weight_recommendation,100.0 kilogram
491,https://m.media-amazon.com/images/I/61JpsSJhJoL.jpg,120219,maximum_weight_recommendation,11.0 ton
492,https://m.media-amazon.com/images/I/719Biw4NRKL.jpg,969033,maximum_weight_recommendation,64 pound
493,https://m.media-amazon.com/images/I/61kSMscCDuS.jpg,221399,maximum_weight_recommendation,100 kilogram
494,https://m.media-amazon.com/images/I/61GHVXwGhSL.jpg,488883,maximum_weight_recommendation,350 pound
495,https://m.media-amazon.com/images/I/618KZUDJoLL.jpg,801829,maximum_weight_recommendation,150 kilogram
496,https://m.media-amazon.com/images/I/91eJFMD02US.jpg,801829,maximum_weight_recommendation,135 kilogram
497,https://m.media-amazon.com/images/I/91Ih7dEj22L.jpg,658003,maximum_weight_recommendation,15.0 pound
498,https://m.media-amazon.com/images/I/711kShV-XoL.jpg,120219,maximum_weight_recommendation,5.0 kilogram
499,https://m.media-amazon.com/images/I/61NxwBiYV-L.jpg,120219,maximum_weight_recommendation,3.0 ton
500,https://m.media-amazon.com/images/I/71odc3RzkjL.jpg,801829,maximum_weight_recommendation,130 kilogram
501,https://m.media-amazon.com/images/I/81dhyYo0KyL.jpg,801829,maximum_weight_recommendation,120 kilogram
502,https://m.media-amazon.com/images/I/61b7cn3p65L.jpg,801829,maximum_weight_recommendation,120 kilogram
503,https://m.media-amazon.com/images/I/71cLkA65ljL.jpg,801829,maximum_weight_recommendation,400.0 pound
504,https://m.media-amazon.com/images/I/81JGAcnf39L.jpg,983323,voltage,12.0 volt
505,https://m.media-amazon.com/images/I/81xeFGugw6L.jpg,271537,voltage,12.0 volt
506,https://m.media-amazon.com/images/I/71Ye12U8zRL.jpg,271537,voltage,12.0 volt
507,https://m.media-amazon.com/images/I/61UjKZyijBL.jpg,271537,voltage,12.0 volt
508,https://m.media-amazon.com/images/I/61v1IQDiIbL.jpg,271537,voltage,12.0 volt
509,https://m.media-amazon.com/images/I/81Qf73SxLaL.jpg,752266,voltage,"[85.0, 265.0] volt"
510,https://m.media-amazon.com/images/I/81hGUpAFNJL.jpg,922709,voltage,7.0 volt
511,https://m.media-amazon.com/images/I/71iSbwHDcdL.jpg,648011,voltage,"[175.0, 265.0] volt"
512,https://m.media-amazon.com/images/I/818ZG7g9hHL.jpg,746096,voltage,240.0 volt
513,https://m.media-amazon.com/images/I/71KGqjaeU3L.jpg,271537,voltage,120.0 volt
514,https://m.media-amazon.com/images/I/71MG6eEeFZS.jpg,965518,voltage,18.0 volt
515,https://m.media-amazon.com/images/I/51xK4g4F03S.jpg,271537,voltage,240.0 volt
516,https://m.media-amazon.com/images/I/51R15QuIuyL.jpg,271537,voltage,12.0 volt
517,https://m.media-amazon.com/images/I/51vgDwEY7xL.jpg,271537,voltage,12.0 volt
518,https://m.media-amazon.com/images/I/71U6lF5xVsL.jpg,648011,voltage,"[220.0, 240.0] volt"
519,https://m.media-amazon.com/images/I/51zeZBf-HcL.jpg,179080,voltage,36.0 volt
520,https://m.media-amazon.com/images/I/616vBbocrvL.jpg,271537,voltage,12.0 volt
521,https://m.media-amazon.com/images/I/814BwteCiwL.jpg,271537,voltage,12.0 volt
522,https://m.media-amazon.com/images/I/71LlzAFiptL.jpg,179080,voltage,36.0 volt
523,https://m.media-amazon.com/images/I/71pvXAM5PWL.jpg,179080,voltage,36.0 volt
524,https://m.media-amazon.com/images/I/81cYIj47SPL.jpg,746096,voltage,24.0 volt
525,https://m.media-amazon.com/images/I/61Kzp6mUyDL.jpg,140266,voltage,230.0 volt
526,https://m.media-amazon.com/images/I/61BJZI+N6FL.jpg,271537,voltage,5.0 volt
527,https://m.media-amazon.com/images/I/71dQhAkuiXL.jpg,271537,voltage,5.0 volt
528,https://m.media-amazon.com/images/I/71W7WvEFKhL.jpg,179080,voltage,36.0 volt
529,https://m.media-amazon.com/images/I/1yw53vfQtS.jpg,179080,voltage,25.0 volt
530,https://m.media-amazon.com/images/I/71yMHX+ppyL.jpg,179080,voltage,48.0 volt
531,https://m.media-amazon.com/images/I/81TRyizCNWL.jpg,752266,voltage,12.0 volt
532,https://m.media-amazon.com/images/I/71BszUAOVeL.jpg,752266,voltage,110.0 volt
533,https://m.media-amazon.com/images/I/71aSE8GfbQL.jpg,752266,voltage,250.0 volt
534,https://m.media-amazon.com/images/I/71Svyb9HpEL.jpg,186035,voltage,230.0 volt
535,https://m.media-amazon.com/images/I/716eknov7+L.jpg,186035,voltage,"[11.0, 17.0] volt"
536,https://m.media-amazon.com/images/I/71HMCudrCOL.jpg,186035,voltage,18.0 volt
537,https://m.media-amazon.com/images/I/717AMtZbXbL.jpg,648011,voltage,120.0 volt
538,https://m.media-amazon.com/images/I/71Edx6LSxlL.jpg,752266,voltage,"[220.0, 250.0] volt"
539,https://m.media-amazon.com/images/I/91p1UNmCN+L.jpg,752266,voltage,2.0 volt
540,https://m.media-amazon.com/images/I/71zg2mEURtL.jpg,641642,voltage,12.0 volt
541,https://m.media-amazon.com/images/I/715w2NfWfaL.jpg,641642,voltage,12.0 volt
542,https://m.media-amazon.com/images/I/51Cd+lg-fRL.jpg,709627,voltage,7.2 volt
543,https://m.media-amazon.com/images/I/71OEmk050TL.jpg,179080,voltage,48.0 volt
544,https://m.media-amazon.com/images/I/71GplQHvFHL.jpg,140266,voltage,5.0 volt
545,https://m.media-amazon.com/images/I/919iohKOj3L.jpg,641642,voltage,30.0 volt
546,https://m.media-amazon.com/images/I/61Aky4kqZjL.jpg,641642,voltage,220.0 volt
547,https://m.media-amazon.com/images/I/81fYO+HP5QL.jpg,186035,voltage,0.5 volt
548,https://m.media-amazon.com/images/I/61J3MWhOgkL.jpg,752266,voltage,"[110.0, 120.0] volt"
549,https://m.media-amazon.com/images/I/61pZJrFLlJL.jpg,752266,voltage,"[220.0, 240.0] volt"
550,https://m.media-amazon.com/images/I/7195HI0YTAL.jpg,752266,voltage,"[110.0, 240.0] volt"
551,https://m.media-amazon.com/images/I/61FLrSjJQkL.jpg,752266,voltage,12.0 volt
552,https://m.media-amazon.com/images/I/41NH8WgeBOL.jpg,709627,voltage,10.8 volt
553,https://m.media-amazon.com/images/I/61+MxCZlePL.jpg,179080,voltage,48.0 volt
554,https://m.media-amazon.com/images/I/61-oywTTsiL.jpg,860821,voltage,220.0 volt
555,https://m.media-amazon.com/images/I/71FXzcQHjnL.jpg,271537,voltage,110.0 volt
556,https://m.media-amazon.com/images/I/71DJWKsLDaL.jpg,271537,voltage,110.0 volt
557,https://m.media-amazon.com/images/I/717ZmdjecdL.jpg,412008,voltage,1.5 volt
558,https://m.media-amazon.com/images/I/71EQ8sO8r6S.jpg,860821,voltage,110.0 volt
559,https://m.media-amazon.com/images/I/71hXBys4-SL.jpg,983323,voltage,12.0 volt
560,https://m.media-amazon.com/images/I/816usm7CyPL.jpg,922709,voltage,50.0 volt
561,https://m.media-amazon.com/images/I/61LxhHf5nIL.jpg,752266,voltage,"[85.0, 265.0] volt"
562,https://m.media-amazon.com/images/I/51lCCgdmQ+L.jpg,709627,voltage,7.4 volt
563,https://m.media-amazon.com/images/I/513CiQIuuLL.jpg,709627,voltage,7.4 volt
564,https://m.media-amazon.com/images/I/513X5hxF1+L.jpg,709627,voltage,7.4 volt
565,https://m.media-amazon.com/images/I/51FLqJLAVpL.jpg,709627,voltage,7.4 volt
566,https://m.media-amazon.com/images/I/51UT6HgeglL.jpg,709627,voltage,7.4 volt
567,https://m.media-amazon.com/images/I/71m9SCnmfQL.jpg,179080,voltage,48.0 volt
568,https://m.media-amazon.com/images/I/61dOt6PmOpL.jpg,860821,voltage,"[110.0, 240.0] volt"
569,https://m.media-amazon.com/images/I/51SQ+ivMx1L.jpg,140266,voltage,110.0 volt
570,https://m.media-amazon.com/images/I/71naSaXWd0S.jpg,752266,voltage,120.0 volt
571,https://m.media-amazon.com/images/I/71+4NoYfm3L.jpg,641642,voltage,12.0 volt
572,https://m.media-amazon.com/images/I/61vZdkBbb2S.jpg,641642,voltage,220.0 volt
573,https://m.media-amazon.com/images/I/51xGtZU+F0L.jpg,641642,voltage,110.0 volt
574,https://m.media-amazon.com/images/I/61YD6MMM5YL.jpg,641642,voltage,220.0 volt
575,https://m.media-amazon.com/images/I/51BvCIHcgSL.jpg,641642,voltage,220.0 volt
576,https://m.media-amazon.com/images/I/61cWMElHoUL.jpg,752266,voltage,5.5 volt
577,https://m.media-amazon.com/images/I/41aOaPoPFGL.jpg,709627,voltage,11.55 volt
578,https://m.media-amazon.com/images/I/61ygMPLHycL.jpg,709627,voltage,500.0 volt
579,https://m.media-amazon.com/images/I/61zsm9Wx24L.jpg,169111,voltage,4.0 volt
580,https://m.media-amazon.com/images/I/71x+J7kqPNL.jpg,179080,voltage,36.0 volt
581,https://m.media-amazon.com/images/I/81EiMKtaldL.jpg,752266,voltage,230.0 volt
582,https://m.media-amazon.com/images/I/61Vh1IUjyuL.jpg,501250,voltage,230.0 volt
583,https://m.media-amazon.com/images/I/81hQkVPB-IL.jpg,965518,voltage,18.0 volt
584,https://m.media-amazon.com/images/I/71806QopfpL.jpg,179080,voltage,48.0 volt
585,https://m.media-amazon.com/images/I/61o1GyqdaLL.jpg,179080,voltage,48.0 volt
586,https://m.media-amazon.com/images/I/71p6D1cE+AL.jpg,860821,voltage,230.0 volt
587,https://m.media-amazon.com/images/I/81DdUKDd+rL.jpg,179080,voltage,36.0 volt
588,https://m.media-amazon.com/images/I/A1a2ZfDLgnL.jpg,752266,voltage,"[220.0, 240.0] volt"
589,https://m.media-amazon.com/images/I/61qWRK1zjVL.jpg,752266,voltage,220.0 volt
590,https://m.media-amazon.com/images/I/81I75yv+9eL.jpg,952353,voltage,240.0 volt
591,https://m.media-amazon.com/images/I/A1hj1olf8SL.jpg,186035,voltage,"[220.0, 240.0] volt"
592,https://m.media-amazon.com/images/I/71CGSSoxDDL.jpg,179080,voltage,36.0 volt
593,https://m.media-amazon.com/images/I/713Dny4HtNL.jpg,179080,voltage,48.0 volt
594,https://m.media-amazon.com/images/I/71PmPYmOudL.jpg,752266,voltage,2.0 volt
595,https://m.media-amazon.com/images/I/71rNu99zqaL.jpg,752266,voltage,2.0 volt
596,https://m.media-amazon.com/images/I/71qBaKTyAJL.jpg,271537,voltage,20.0 volt
597,https://m.media-amazon.com/images/I/71cSwFRsxoL.jpg,271537,voltage,"[120.0, 127.0] volt"
598,https://m.media-amazon.com/images/I/71EuIcvC-gL.jpg,271537,voltage,"[120.0, 127.0] volt"
599,https://m.media-amazon.com/images/I/71joTTOy8YL.jpg,140266,voltage,"[100.0, 240.0] volt"
600,https://m.media-amazon.com/images/I/71Pa2HQbcgL.jpg,179080,voltage,48.0 volt
601,https://m.media-amazon.com/images/I/81bITc7TE0L.jpg,179080,voltage,48.0 volt
602,https://m.media-amazon.com/images/I/51sy+iqxn9L.jpg,752266,voltage,"[85.0, 265.0] volt"
603,https://m.media-amazon.com/images/I/61etA3xLJxL.jpg,746096,voltage,0.7222222222222222 volt
604,https://m.media-amazon.com/images/I/71C1ZrGmZ1S.jpg,271537,voltage,20.0 volt
605,https://m.media-amazon.com/images/I/719rKIJHZvL.jpg,318770,wattage,240.0 watt
606,https://m.media-amazon.com/images/I/71KDFqKkNnL.jpg,318770,wattage,240.0 watt
607,https://m.media-amazon.com/images/I/71tWWgkVz4L.jpg,318770,wattage,240.0 watt
608,https://m.media-amazon.com/images/I/71A9Th6kL0L.jpg,860821,wattage,65.0 watt
609,https://m.media-amazon.com/images/I/61-oywTTsiL.jpg,860821,wattage,50.0 watt
610,https://m.media-amazon.com/images/I/71b4qPxCyUL.jpg,318770,wattage,100.0 watt
611,https://m.media-amazon.com/images/I/51nd5k5TgfL.jpg,752266,wattage,12.0 watt
612,https://m.media-amazon.com/images/I/71UxMILZyJL.jpg,318770,wattage,550.0 watt
613,https://m.media-amazon.com/images/I/71aakaw+bTL.jpg,318770,wattage,550.0 watt
614,https://m.media-amazon.com/images/I/61A9pJH9ilL.jpg,752266,wattage,15.0 watt
615,https://m.media-amazon.com/images/I/815ItNAU7kL.jpg,416664,wattage,3.0 watt
616,https://m.media-amazon.com/images/I/71oElnCL8CL.jpg,179080,wattage,750.0 watt
617,https://m.media-amazon.com/images/I/81YmELdFV4L.jpg,179080,wattage,250.0 watt
618,https://m.media-amazon.com/images/I/41U81jvU+6L.jpg,416664,wattage,3.0 watt
619,https://m.media-amazon.com/images/I/71zvXfQdJvL.jpg,318770,wattage,100.0 watt
620,https://m.media-amazon.com/images/I/71SnDFW7SAL.jpg,318770,wattage,850.0 watt
621,https://m.media-amazon.com/images/I/61afe7W7xtS.jpg,318770,wattage,60.0 watt
622,https://m.media-amazon.com/images/I/71x2tLxf86L.jpg,318770,wattage,40.0 watt
623,https://m.media-amazon.com/images/I/61xu7f6H3vL.jpg,318770,wattage,18.0 watt
624,https://m.media-amazon.com/images/I/71e0NqMEyPL.jpg,318770,wattage,40.0 watt
625,https://m.media-amazon.com/images/I/81zUdmBNl+L.jpg,318770,wattage,"[0.0, 40.0] watt"
626,https://m.media-amazon.com/images/I/71qoMhhZZJL.jpg,318770,wattage,18.0 watt
627,https://m.media-amazon.com/images/I/71x+J7kqPNL.jpg,179080,wattage,250.0 watt
628,https://m.media-amazon.com/images/I/71BtuagQxdL.jpg,752266,wattage,108.0 watt
629,https://m.media-amazon.com/images/I/71qX7HjnhuL.jpg,416664,wattage,50.0 watt
630,https://m.media-amazon.com/images/I/61qWRK1zjVL.jpg,752266,wattage,60.0 watt
631,https://m.media-amazon.com/images/I/61MlKxjxJGL.jpg,860821,wattage,13.0 watt
632,https://m.media-amazon.com/images/I/31oVbuPtMYL.jpg,752266,wattage,35.0 watt
633,https://m.media-amazon.com/images/I/41wYMjYGJ3L.jpg,752266,wattage,35.0 watt
634,https://m.media-amazon.com/images/I/61ybpOhijrL.jpg,752266,wattage,36.0 watt
635,https://m.media-amazon.com/images/I/710k9qKJYyL.jpg,752266,wattage,"[20.0, 40.0] watt"
636,https://m.media-amazon.com/images/I/81271EKtwuL.jpg,179080,wattage,250.0 watt
637,https://m.media-amazon.com/images/I/71x+VqFP6AL.jpg,892291,wattage,0.352 kilowatt hour
638,https://m.media-amazon.com/images/I/61lIcqZEQ0L.jpg,892291,wattage,234.233 kilowatt hour
639,https://m.media-amazon.com/images/I/81+tdG6q26L.jpg,892291,wattage,7.4 kilowatt
640,https://m.media-amazon.com/images/I/71T9MATCrHL.jpg,318770,wattage,60.0 watt
641,https://m.media-amazon.com/images/I/61QEceaEPhL.jpg,318770,wattage,60.0 watt
642,https://m.media-amazon.com/images/I/715ZbqmED0L.jpg,318770,wattage,5.0 watt
643,https://m.media-amazon.com/images/I/617EVKlxH-L.jpg,752266,wattage,50.0 watt
644,https://m.media-amazon.com/images/I/71NyirmPQaL.jpg,318770,wattage,100.0 watt
645,https://m.media-amazon.com/images/I/41NJVeEAKqL.jpg,752266,wattage,10.0 watt
646,https://m.media-amazon.com/images/I/71y9Tt9YnpL.jpg,752266,wattage,10.0 watt
647,https://m.media-amazon.com/images/I/71zrwf3C-vL.jpg,752266,wattage,10.0 watt
648,https://m.media-amazon.com/images/I/81+0uWW2YSL.jpg,752266,wattage,10.0 watt
649,https://m.media-amazon.com/images/I/81bITc7TE0L.jpg,179080,wattage,750.0 watt
650,https://m.media-amazon.com/images/I/61w1xF7ODdL.jpg,860821,wattage,"[1.0, 2.0] watt"
651,https://m.media-amazon.com/images/I/71hirDMYDDL.jpg,276700,wattage,1910.269 watt
652,https://m.media-amazon.com/images/I/51o6rsIo9eL.jpg,892291,wattage,7.5 watt
653,https://m.media-amazon.com/images/I/81-8eLbIKgL.jpg,752266,wattage,33.0 watt
654,https://m.media-amazon.com/images/I/71Y-MJcL7xL.jpg,752266,wattage,1080.0 watt
655,https://m.media-amazon.com/images/I/71+JcrSYmPL.jpg,752266,wattage,1080.0 watt
656,https://m.media-amazon.com/images/I/71Dd47cHsxL.jpg,416664,wattage,50.0 watt
657,https://m.media-amazon.com/images/I/51ODi9-QapL.jpg,648011,wattage,55.0 watt
658,https://m.media-amazon.com/images/I/61SSk6TCZkL.jpg,752266,wattage,24.0 watt
659,https://m.media-amazon.com/images/I/71Qrv5Yzf1L.jpg,318770,wattage,1080.0 horsepower
660,https://m.media-amazon.com/images/I/61b1wR6iNaL.jpg,752266,wattage,60.0 watt
661,https://m.media-amazon.com/images/I/71j9qiiN77L.jpg,752266,wattage,60.0 watt
662,https://m.media-amazon.com/images/I/61mQ0Gkzi+L.jpg,752266,wattage,60.0 watt
663,https://m.media-amazon.com/images/I/71l-pcmw38L.jpg,318770,wattage,66.0 watt
664,https://m.media-amazon.com/images/I/61Bk+OGrbSL.jpg,318770,wattage,66.0 watt
665,https://m.media-amazon.com/images/I/71XRL3DgWLL.jpg,318770,wattage,67.0 watt
666,https://m.media-amazon.com/images/I/51gAGZVIoiL.jpg,752266,wattage,24.0 watt
667,https://m.media-amazon.com/images/I/61SWjHG31VL.jpg,318770,wattage,10.0 watt
668,https://m.media-amazon.com/images/I/71EMvpA5H8L.jpg,318770,wattage,100.0 watt
669,https://m.media-amazon.com/images/I/71ejlYArkYL.jpg,318770,wattage,100.0 watt
670,https://m.media-amazon.com/images/I/71yfqvsYu+L.jpg,318770,wattage,100.0 watt
671,https://m.media-amazon.com/images/I/61tFfuK-ZSL.jpg,318770,wattage,100.0 watt
672,https://m.media-amazon.com/images/I/51zS-A+DIjL.jpg,752266,wattage,60.0 watt
673,https://m.media-amazon.com/images/I/71iOFvvI6XL.jpg,318770,wattage,1080.0 horsepower
674,https://m.media-amazon.com/images/I/618BR3uDfJL.jpg,318770,wattage,10.0 watt
675,https://m.media-amazon.com/images/I/71SMGLJX9nL.jpg,746096,wattage,95.0 watt
676,https://m.media-amazon.com/images/I/71Nq1Uw7NoL.jpg,746096,wattage,95.0 watt
677,https://m.media-amazon.com/images/I/71CBQEm86TL.jpg,179080,wattage,250.0 watt
678,https://m.media-amazon.com/images/I/71+9ZnHvFxL.jpg,179080,wattage,250.0 watt
679,https://m.media-amazon.com/images/I/71nxTmIgR8L.jpg,892291,wattage,30.0 watt
680,https://m.media-amazon.com/images/I/71fPPUPxvVL.jpg,318770,wattage,100.0 watt
681,https://m.media-amazon.com/images/I/710ldxJ2RuL.jpg,179080,wattage,250.0 watt
682,https://m.media-amazon.com/images/I/81IAA-0SKlL.jpg,412008,wattage,5.0 watt
683,https://m.media-amazon.com/images/I/716fgIYkosS.jpg,752266,wattage,24.0 watt
684,https://m.media-amazon.com/images/I/81TxjU-0OML.jpg,318770,wattage,27.0 watt
685,https://m.media-amazon.com/images/I/61loH+jqukL.jpg,318770,wattage,25.0 watt
686,https://m.media-amazon.com/images/I/714bzi7pOgL.jpg,752266,wattage,1.0 watt
687,https://m.media-amazon.com/images/I/71hNAw+i7qL.jpg,179080,wattage,1000.0 watt
688,https://m.media-amazon.com/images/I/81u5rmlDUaL.jpg,179080,wattage,1000.0 watt
689,https://m.media-amazon.com/images/I/71mnsYPX5cL.jpg,179080,wattage,475.0 watt
690,https://m.media-amazon.com/images/I/61V79+5wWZL.jpg,124643,wattage,24.0 watt
691,https://m.media-amazon.com/images/I/61A9KYVP2CL.jpg,416664,wattage,1.0 watt
692,https://m.media-amazon.com/images/I/61QnQeXZJDL.jpg,983323,wattage,29.0 watt
693,https://m.media-amazon.com/images/I/818CfYqrLXL.jpg,860821,wattage,22.5 watt
694,https://m.media-amazon.com/images/I/71BDvj96A1L.jpg,955292,wattage,1800.0 watt
695,https://m.media-amazon.com/images/I/71XCRg8n+ML.jpg,955292,wattage,1500.0 watt
696,https://m.media-amazon.com/images/I/71Stq7ujNHL.jpg,955292,wattage,1800.0 watt
697,https://m.media-amazon.com/images/I/81akRjYOWvL.jpg,179080,wattage,750.0 watt
698,https://m.media-amazon.com/images/I/714Txqb8ueL.jpg,752266,wattage,40.0 watt
699,https://m.media-amazon.com/images/I/61XO6Y-lUUL.jpg,955292,wattage,1.0 watt
700,https://m.media-amazon.com/images/I/812fty3w7-L.jpg,179080,wattage,600.0 watt
701,https://m.media-amazon.com/images/I/51HqVglgoQL.jpg,752266,wattage,48.0 watt
702,https://m.media-amazon.com/images/I/51k3uRf3QzS.jpg,752266,wattage,50.0 watt
703,https://m.media-amazon.com/images/I/616ja5Ph7HS.jpg,752266,wattage,50.0 watt
704,https://m.media-amazon.com/images/I/71GaZpYmc4S.jpg,752266,wattage,50.0 watt
705,https://m.media-amazon.com/images/I/71Ym6SWLbNL.jpg,752266,wattage,100.0 watt
706,https://m.media-amazon.com/images/I/519c3S677DL.jpg,916768,width,9.0 centimetre
707,https://m.media-amazon.com/images/I/61Byi7hvtFL.jpg,704724,width,510.0 millimetre
708,https://m.media-amazon.com/images/I/61+ZITVTtDL.jpg,311997,width,75.0 centimetre
709,https://m.media-amazon.com/images/I/51vbvne15XL.jpg,648011,width,4.72 inch
710,https://m.media-amazon.com/images/I/615xRirQ6ES.jpg,675317,width,14.0 millimetre
711,https://m.media-amazon.com/images/I/619MvNIeDDL.jpg,802198,width,23.0 centimetre
712,https://m.media-amazon.com/images/I/61BlaLo9sIL.jpg,752266,width,30.7 inch
713,https://m.media-amazon.com/images/I/61CXBB4h+tL.jpg,752266,width,5.0 inch
714,https://m.media-amazon.com/images/I/610b1xMPMGL.jpg,916768,width,13.0 centimetre
715,https://m.media-amazon.com/images/I/51UkUCGzEiL.jpg,810266,width,9.5 centimetre
716,https://m.media-amazon.com/images/I/615qSagL8wL.jpg,917343,width,61.0 centimetre
717,https://m.media-amazon.com/images/I/51lnyDByewL.jpg,483370,width,10.0 centimetre
718,https://m.media-amazon.com/images/I/51j4L4FHZ6L.jpg,442321,width,120.0 centimetre
719,https://m.media-amazon.com/images/I/617LMib7apL.jpg,844474,width,34.0 centimetre
720,https://m.media-amazon.com/images/I/613eEsQfC4L.jpg,296366,width,12.0 centimetre
721,https://m.media-amazon.com/images/I/61-VfIhopNL.jpg,245959,width,20.0 centimetre
722,https://m.media-amazon.com/images/I/610+Gnc8nDL.jpg,180410,width,21.5 centimetre
723,https://m.media-amazon.com/images/I/61EiCzPYwyL.jpg,442321,width,80.0 centimetre
724,https://m.media-amazon.com/images/I/61Dd8+OloPL.jpg,416664,width,3.54 inch
725,https://m.media-amazon.com/images/I/51KVLVLfduS.jpg,107694,width,18.0 centimetre
726,https://m.media-amazon.com/images/I/5195dx-G5iL.jpg,611510,width,23.6 inch
727,https://m.media-amazon.com/images/I/51A+Tp2-MvL.jpg,933453,width,440.0 millimetre
728,https://m.media-amazon.com/images/I/612susnnDXL.jpg,245959,width,25.0 centimetre
729,https://m.media-amazon.com/images/I/51nksJQNDEL.jpg,221399,width,203.0 centimetre
730,https://m.media-amazon.com/images/I/41xXyQmcFhL.jpg,483370,width,4.7 inch
731,https://m.media-amazon.com/images/I/61+fujaDnPL.jpg,932289,width,134.0 centimetre
732,https://m.media-amazon.com/images/I/614YExViw9L.jpg,107694,width,29.0 inch
733,https://m.media-amazon.com/images/I/51DIhm2DFqL.jpg,178958,width,78.0 centimetre
734,https://m.media-amazon.com/images/I/51f7RuOpDgL.jpg,752266,width,3.3 foot
735,https://m.media-amazon.com/images/I/51vxNPTPqvL.jpg,776058,width,15.5 inch
736,https://m.media-amazon.com/images/I/514PvlEgXpL.jpg,221399,width,32.0 inch
737,https://m.media-amazon.com/images/I/51yBv6RzbHL.jpg,648011,width,95.0 millimetre
738,https://m.media-amazon.com/images/I/51idnVnQvZS.jpg,929999,width,19.2 centimetre
739,https://m.media-amazon.com/images/I/615UTIAVe1L.jpg,801829,width,49.0 centimetre
740,https://m.media-amazon.com/images/I/616HZyIn2HL.jpg,308671,width,3.0 centimetre
741,https://m.media-amazon.com/images/I/61A5YtReGBL.jpg,483370,width,4.13 inch
742,https://m.media-amazon.com/images/I/41STk5ssBNL.jpg,752266,width,30.0 centimetre
743,https://m.media-amazon.com/images/I/51Ms7u0XYSL.jpg,752266,width,42.0 centimetre
744,https://m.media-amazon.com/images/I/612ZYNNii7L.jpg,752266,width,30.0 millimetre
745,https://m.media-amazon.com/images/I/51dA9GiQyJL.jpg,929999,width,3.25 inch
746,https://m.media-amazon.com/images/I/51Uh5xVOITL.jpg,120219,width,282.0 millimetre
747,https://m.media-amazon.com/images/I/6172NMnADRL.jpg,204245,width,66.0 centimetre
748,https://m.media-amazon.com/images/I/617NP4AWa4L.jpg,433914,width,90.0 centimetre
749,https://m.media-amazon.com/images/I/6175zTg1bJL.jpg,860821,width,380.0 millimetre
750,https://m.media-amazon.com/images/I/617f4K8TlrL.jpg,844474,width,24.0 centimetre
751,https://m.media-amazon.com/images/I/518-uNTHNpL.jpg,648011,width,8.0 centimetre
752,https://m.media-amazon.com/images/I/610GTfdbRUL.jpg,752266,width,285.0 millimetre
753,https://m.media-amazon.com/images/I/614qXjuHQiL.jpg,801829,width,64.0 centimetre
754,https://m.media-amazon.com/images/I/51FNdQ4OtnS.jpg,801829,width,53.0 centimetre
755,https://m.media-amazon.com/images/I/617-eeLixqL.jpg,648011,width,60.0 centimetre
756,https://m.media-amazon.com/images/I/515yEK+4-8L.jpg,150535,width,10.0 inch
757,https://m.media-amazon.com/images/I/6197sStqKvL.jpg,442321,width,80.0 centimetre
758,https://m.media-amazon.com/images/I/61AZF9oGG9S.jpg,752266,width,0.41 metre
759,https://m.media-amazon.com/images/I/61F6NaEnbBS.jpg,752266,width,17.3 centimetre
760,https://m.media-amazon.com/images/I/51TZtPYE7ZL.jpg,529606,width,3.4 inch
761,https://m.media-amazon.com/images/I/61BEMCrBuCL.jpg,449805,width,75.0 centimetre
762,https://m.media-amazon.com/images/I/51qQTsTCTBL.jpg,156839,width,30.0 centimetre
763,https://m.media-amazon.com/images/I/615IbASlRYL.jpg,396159,width,120.0 centimetre
764,https://m.media-amazon.com/images/I/51Zsyj+5GQL.jpg,681445,width,7.0 centimetre
765,https://m.media-amazon.com/images/I/61Bfxi4SkmL.jpg,296366,width,3.5 inch
766,https://m.media-amazon.com/images/I/615JH7nIgnL.jpg,140266,width,17.0 centimetre
767,https://m.media-amazon.com/images/I/619WEBxvo6L.jpg,507467,width,60.0 millimetre
768,https://m.media-amazon.com/images/I/613O2ERxfzL.jpg,752266,width,1.3 inch
769,https://m.media-amazon.com/images/I/51KV1PLuenL.jpg,226504,width,35.0 centimetre
770,https://m.media-amazon.com/images/I/61FWPZiMt6L.jpg,752266,width,4.0 centimetre
771,https://m.media-amazon.com/images/I/612jDNeRSBL.jpg,549052,width,9.0 centimetre
772,https://m.media-amazon.com/images/I/41muNXSkpEL.jpg,675317,width,33.0 millimetre
773,https://m.media-amazon.com/images/I/619AxFqBQmL.jpg,866516,width,1.4 inch
774,https://m.media-amazon.com/images/I/61G4BCMP45L.jpg,752266,width,5.0 inch
775,https://m.media-amazon.com/images/I/6182+GMuYtL.jpg,801829,width,58.0 centimetre
776,https://m.media-amazon.com/images/I/615L-5fki9L.jpg,245959,width,8.0 inch
777,https://m.media-amazon.com/images/I/61FXwqc1E2L.jpg,893692,width,18.0 inch
778,https://m.media-amazon.com/images/I/41rg4PQKRWL.jpg,449805,width,180.0 centimetre
779,https://m.media-amazon.com/images/I/51eOKxUmwES.jpg,416664,width,50.0 millimetre
780,https://m.media-amazon.com/images/I/610kEueZruS.jpg,675317,width,35.0 millimetre
781,https://m.media-amazon.com/images/I/615PXQRjD7L.jpg,752266,width,80.0 millimetre
782,https://m.media-amazon.com/images/I/6198ecSQ1ML.jpg,844474,width,12.0 inch
783,https://m.media-amazon.com/images/I/61AP8Rve5pL.jpg,752266,width,1.5 inch
784,https://m.media-amazon.com/images/I/61CLSEri9fL.jpg,752266,width,10.5 centimetre
785,https://m.media-amazon.com/images/I/51VigcSRULL.jpg,752266,width,4.0 inch
786,https://m.media-amazon.com/images/I/51SVlDAvEBL.jpg,311997,width,60.0 centimetre
787,https://m.media-amazon.com/images/I/616wQUWTr0L.jpg,180410,width,12.0 centimetre
788,https://m.media-amazon.com/images/I/51C11vxs8FL.jpg,932289,width,210.0 centimetre
789,https://m.media-amazon.com/images/I/6178R+DiAdL.jpg,245959,width,9.5 inch
790,https://m.media-amazon.com/images/I/61AHOBiz6iL.jpg,675317,width,35.0 millimetre
791,https://m.media-amazon.com/images/I/610yiNlkKwL.jpg,487566,width,84.0 inch
792,https://m.media-amazon.com/images/I/51SsYstD-dL.jpg,416664,width,150.0 millimetre
793,https://m.media-amazon.com/images/I/41lBTRuL0qL.jpg,675317,width,9.0 millimetre
794,https://m.media-amazon.com/images/I/514+2N2nTlL.jpg,752266,width,10.0 centimetre
795,https://m.media-amazon.com/images/I/61FjLCgCLVS.jpg,648011,width,2.5 inch
796,https://m.media-amazon.com/images/I/6171aXhiwLL.jpg,487566,width,103.0 centimetre
797,https://m.media-amazon.com/images/I/51MqsjrGqMS.jpg,449021,width,14.0 centimetre
798,https://m.media-amazon.com/images/I/51OVR7HVcmL.jpg,844474,width,30.0 centimetre
799,https://m.media-amazon.com/images/I/614kJYXcouL.jpg,752266,width,5.94 inch
800,https://m.media-amazon.com/images/I/61EkelLao0L.jpg,810266,width,8.0 centimetre
801,https://m.media-amazon.com/images/I/61DW5pzgIjL.jpg,599772,width,93.9 centimetre
802,https://m.media-amazon.com/images/I/51X1yDp+dAL.jpg,810266,width,80.0 millimetre
803,https://m.media-amazon.com/images/I/41qQFJq4UIL.jpg,675317,width,10.0 millimetre
804,https://m.media-amazon.com/images/I/610sq5dCkrL.jpg,488883,width,63.0 inch
805,https://m.media-amazon.com/images/I/51dVe6Wz2-S.jpg,416664,width,9.0 inch
806,https://m.media-amazon.com/images/I/610RSEr+ccL.jpg,416664,width,2.1 inch
